UNI_ID,PRICE,POLL_DIV_CO,OS_NM,VAN_ADR,NEW_ADR,GIS_X_COOR,GIS_Y_COOR,AREA_NM
A0000686,1644,HDO,(주)디오티디 은평유니콘주유소,서울 은평구 진관동 73-22,서울 은평구 통일로 1151 (진관동),304199.00000,560741.00000,서울
A0000827,1645,RTO,신성주유소,서울 구로구 구로본동461-13,서울 구로구 구로동로 187 (구로제2동),301368.50000,544253.80000,서울
A0000856,1645,SOL,씨앤에스유통(주) 구로드림주유소,서울 구로구 온수동 35-3,서울 구로구 경인로 41 (온수동),296439.00000,543853.00000,서울
A0000519,1646,RTO,화곡역주유소,서울 강서구 화곡동 1076-14,서울 강서구 강서로 154 (화곡동),297830.02778,549333.51356,서울
A0000978,1648,GSC,플라트(주)서호주유소,서울 양천구 신월동 52-1,서울 양천구 남부순환로 317,296517.01008,549138.09694,서울
A0000549,1648,HDO,이케이에너지(주) 강서주유소,서울 강서구 화곡동 983-1,서울 강서구 화곡로 273 (화곡동),298318.03900,550276.26480,서울
A0000981,1648,SKE,가로공원주유소,서울 양천구 신월동 87-15,서울 양천구 가로공원로 165 (신월동),297172.00000,548950.00000,서울
A0001005,1648,SOL,현대주유소,서울 양천구 신월동 167-1,서울 양천구 남부순환로 372 (신월동),296738.35070,548590.85610,서울
A0000854,1649,HDO,(주)서울에너지 궁동주유소,서울 구로구 궁동 283-2,서울 구로구 오리로 1299 (궁동),296660.57753,544561.95333,서울
A0000520,1649,SOL,하이웨이주유소,서울특별시 강서구 화곡동 1125,서울특별시 강서구 공항대로 432(화곡동),299017.76990,550893.57210,서울
A0000818,1649,SKE,서서울고속주유소,서울 구로구 오류동 77-10,서울 구로구 경인로 150 (오류동),297476.30000,544094.50000,서울
A0032712,1649,HDO,개봉주유소,서울 구로구 개봉동 92-4,서울 구로구 고척로 115 (개봉동),298236.72930,545036.20980,서울
A0000812,1649,GSC,지에스칼텍스㈜ 개봉동주유소,서울 구로구 개봉동 226-1,서울 구로구 경인로 290,298709.96020,544564.90940,서울
A0006667,1649,HDO,㈜자연에너지 고척주유소,서울 구로구 고척동 167-32,서울 구로구 고척로 199 (고척동),298992.68260,545393.86900,서울
A0000992,1653,GSC,신월주유소,서울 양천구 신월동 534-24,서울 양천구 신월로 193 (신월동),298014.58083,547054.30697,서울
A0009492,1659,HDO,이케이에너지(주) 강산제2주유소,서울 성북구 정릉4동 401-15,서울 성북구 보국문로 52,312789.00000,556780.00000,서울
A0009361,1659,SOL,(주)서울에너지 직영,서울 성동구 용답동 5-4,서울 성동구 천호대로 324 (용답동),316765.22660,551755.53699,서울
A0009507,1659,GSC,(주)삼표에너지 정릉주유소,서울 성북구 정릉동 404-4,서울 성북구 보국문로 35 (정릉동),312783.48730,556619.63530,서울
A0001257,1660,GSC,이케이에너지㈜ 강산주유소,서울 성북구 보문동7가 137,서울 성북구 보문로 27 (보문동7가),313874.79321,553300.33345,서울
A0000725,1663,HDO,불광주유소,서울 은평구 불광동 105-118,서울 은평구 연서로 314 (불광동),305558.71720,558416.00160,서울
A0002694,1610,RTO,전국배달 현명주유소,경기 화성시 비봉면 구포리 967-16,경기 화성시 비봉면 양노로 155,300601.02780,515769.79270,경기
A0004617,1614,SOL,회천주유소,경기 양주시 덕계동 505-1,경기 양주시 평화로 1505 (덕계동),316612.11450,580632.76640,경기
A0007536,1614,HDO,드림에너지(주)배트맨주유소,경기 수원시 장안구 영화동 66-3,경기 수원시 장안구 경수대로 818,313036.00000,521906.00000,경기
A0006122,1614,HDO,(주)원흥 양주지점,경기 양주시 산북동 198-3,경기 양주시 평화로 1107 (산북동),316375.49810,576840.09580,경기
A0005034,1614,SOL,대박주유소,경기 양주시 덕계동 711-4,경기 양주시 평화로 1381,316182.00000,579513.00000,경기
A0004417,1614,ETC,KH에너지(주)직영 대복주유소,경기 양주시 광사동 401,경기 양주시 부흥로 1807,318243.00000,576398.00000,경기
A0002506,1615,HDO,대신self주유소,경기 수원시 장안구 송죽동 440-4,경기 수원시 장안구  경수대로 1011,311624.00000,523160.00000,경기
A0002511,1618,SKE,경진셀프주유소,경기 수원시 장안구 파장동 585-4,경기 수원시 장안구 경수대로 1059,311212.00293,523376.99537,경기
A0007227,1624,SKE,주식회사 노송유업,경기 수원시 장안구 이목동 259,경기 수원시 장안구 서부로 2359 (이목동),309975.23020,524326.48730,경기
A0005288,1624,GSC,항공대주유소,경기 고양시 덕양구 화전동 575-6,경기 고양시 덕양구  중앙로 171 (화전동),300400.10000,556235.90000,경기
A0007482,1624,HDO,북수원주유소,경기 수원시 장안구 율전동 114-3,경기 수원시 장안구 서부로 2201 (율전동),309096.00000,523024.00000,경기
A0005463,1624,HDO,(주)원흥 원흥동지점,경기 고양시 덕양구 원흥동 367,경기 고양시 덕양구 서오릉로 712 (원흥동),300064.65860,560361.09420,경기
A0005163,1624,SOL,너멍골주유소,경기 고양시 덕양구 신원동 437-4,경기 고양시 덕양구 호국로 1259,301060.60000,564428.40000,경기
A0005555,1624,HDO,(주)원흥 고양동지점,경기 고양시 덕양구 고양동 590,경기 고양시 덕양구 호국로 1789,303780.00298,568143.99533,경기
A0005360,1624,HDO,(주)원흥.벽제동지점,경기 고양시 덕양구 벽제동 245-1,경기 고양시 덕양구 호국로 1664,303499.00000,566902.00000,경기
A0032941,1624,RTO,(주)어울림주유소,경기 고양시 덕양구 화정동 188-20,경기 고양시 덕양구 충장로 407,297812.62398,561395.05611,경기
A0005181,1624,RTO,덕양주유소,경기 고양시 덕양구 행신동 942,경기 고양시 덕양구 충장로 142 (행신동),297398.50000,558709.50000,경기
A0005300,1624,SKE,중앙로주유소,경기 고양시 덕양구 화전동 175-1,경기 고양시 덕양구 중앙로 113 (화전동),300756.00000,555752.00000,경기
A0005436,1624,RTO,덕양제7주유소,경기 고양시 일산동구 풍동 655-1,경기 고양시 일산동구 무궁화로 250 (풍동),293291.30000,564140.40000,경기
A0005556,1624,HDO,㈜자연에너지 산유주유소,경기 고양시 덕양구 화전동 174-8,경기 고양시 덕양구 중앙로 107,300770.62141,555713.21979,경기
A0011171,1632,RTX,문막(인천방향)주유소,강원 원주시 문막읍 포진리 926-1,강원도 원주시 문막읍 개나루길 13,384001.44850,521697.18839,강원
A0011779,1639,HDO,(주)미파랑 오일뱅크,강원 속초시 조양동 1534-1,강원 속초시 동해대로 4043 (조양동),452089.58810,620879.42170,강원
A0011396,1646,SOL,회산주유소,강원 강릉시 회산동 234-1,강원 강릉시 관솔길 27 (회산동),476869.09130,571111.10210,강원
A0011488,1648,RTO,솔향주유소,강원 강릉시 홍제동 757-1,강원 강릉시 공제로437번길 1 (홍제동),476659.00000,571877.00000,강원
A0011555,1649,RTX,KIS정보통신㈜강릉(인천방향)주유소,강원 강릉시 성산면 보광리 139,강원 강릉시 영동고속도로 231-1,471027.03624,573205.21596,강원
A0011170,1649,RTX,문막(하)주유소/충전소,강원 원주시 문막읍 동화리 116,강원 원주시 문막읍 원문로 1234-1,387671.50041,526076.59331,강원
A0033184,1649,RTX,키다리식품(주) 홍천양양주유소/충전소,강원 홍천군 화촌면 군업리 산240-5,강원 홍천군 화촌면 서울양양고속도로 84-1,400660.70309,572809.12084,강원
A0011166,1649,RTX,(주)대현유통 횡성(인천방향)주유소,강원 횡성군 안흥면 소사리 1512-4,강원 횡성군 안흥면 영동고속도로 153-1,412026.28760,540338.61511,강원
A0033193,1649,RTX,내린천(서울방향)주유소/충전소,강원 인제군 상남면 하남리 333-2,강원 인제군 상남면 서울양양고속도로 117,425370.50996,590565.27678,강원
A0011554,1649,RTX,KIS정보통신㈜강릉(강릉방향)주유소,강원 강릉시 성산면 보광리 120,강원 강릉시 성산면 영동고속도로 232-1,471325.06703,573198.62609,강원
A0033192,1649,RTX,내린천(양양방향)주유소/충전소,강원 인제군 상남면 하남리 375-4,강원 인제군 상남면 서울양양고속도로 117,425547.10848,590575.33967,강원
A0033185,1649,RTX,키다리식품(주)홍천서울주유소/충전소,강원 홍천군 화촌면 군업리 산244-4,강원 홍천군 화촌면 서울양양고속도로 83-1,400675.26435,572913.06970,강원
A0010217,1649,RTX,구정(동해)주유소,강원 강릉시 구정면 제비리 888,강원 강릉시 구정면 동해고속도로 345-1,475380.79228,569152.32137,강원
A0011581,1652,RTX,구정(속초방향)주유소,강원 강릉시 구정면 제비리 608-1,강원 강릉시 구정면 동해고속도로 346,475381.00000,569374.00000,강원
A0010851,1655,RTX,(주)선인상사 홍천강(춘천방향)주유소/충전소,강원 홍천군 북방면 소매곡리 294,강원 홍천군 북방면 도사곡길 223,385000.70000,567806.30000,강원
A0011367,1658,RTX,평창(서창)주유소/충전소,강원 평창군 용평면 이목정리 476-4,강원 평창군 용평면 탑거리길 63,441073.33411,556497.29586,강원
A0011188,1658,RTX,씨앤에스에너지(주) 횡성(하)주유소/충전소,강원 횡성군 안흥면 소사리 1537-1,강원 횡성군 안흥면 영동고속도로 154-1,412225.00000,540145.00000,강원
A0011366,1658,RTX,평창(강릉방향)주유소/충전소,강원 평창군 용평면 이목정리  778-2,강원 평창군 용평면 경강로 2159-58,440291.07483,556040.74876,강원
A0011135,1659,SOL,(주)디오티디 원주베짱이주유소,강원 원주시 문막읍 동화리 520,강원 원주시 문막읍 원문로 1449,386329.00000,524801.00000,강원
A0010427,1659,RTO,호원주유소 춘천지점,강원 춘천시 서면 안보리 636-1,강원 춘천시 서면 경춘로 583-3,362845.30307,581833.99541,강원
A0012922,1619,SOL,주식회사 남산,충북 충주시 교현동 89-1,충북 충주시 금봉대로 352 (교현동),395500.00000,484960.00000,충북
A0012804,1629,SKE,스카이주유소,충북 충주시 금능동 12-9,충북 충주시 국원대로 272 (금릉동),393803.00000,488261.00000,충북
A0013418,1629,GSC,희망주유소,충북 충주시 안림동 1091,충북 충주시 금봉대로 398,395493.75057,485428.16498,충북
A0017389,1639,NHO,남청주농협주유소,충북 청주시 서원구 남이면 외천리 4-1,충북 청주시 서원구 남이면 청남로 1228,349694.00000,440101.00000,충북
A0033741,1639,HDO,(주)영덕 금릉주유소,충북 충주시 금릉동 265-1,충북 충주시 충원대로 737 (금릉동),392792.27617,487828.34181,충북
A0012417,1639,RTO,㈜상일주유소,충북 청주시 서원구 남이면 외천리 172-1,충청북도 청주시 서원구 남이면 청남로 1164,349318.00000,439624.00000,충북
A0006848,1639,GSC,㈜왕대박주유소,충북 충주시 산척면 영덕리 1636-1,충북 충주시 산척면 충원대로 1545,393916.00000,495492.00000,충북
A0013206,1639,NHO,충주농협주유소,충북 충주시 칠금동 420-52,충북 충주시 탄금대로 364,390754.13856,487306.53948,충북
A0013255,1639,GSC,대성산업(주) 충주주유소,충북 충주시 금릉동 280,충북 충주시 충원대로 725 (금릉동),392804.00000,487722.00000,충북
A0012016,1639,HDO,한양주유소,충북 청주시 서원구 남이면 척산리 280,충북 청주시 서원구 남이면 청남로 1309-18,350534.74460,440341.28460,충북
A0013504,1640,NHO,단양농협주유소,충북 단양군 단양읍 별곡리 28-4,충북 단양군 단양읍 삼봉로 368,432978.00000,487586.00000,충북
A0012720,1644,RTX,KIS정보통신㈜ 옥천(부산방향)주유소/충전소,충북 옥천군 옥천읍 매화리 236-16,충북 옥천군 옥천읍 서대구일로 265-19,363987.66766,410769.37473,충북
A0033598,1645,RTX,두성유통(주)문의휴게소(청주방향),충북 청주시 상당구 문의면 남계리 산59-6,충청북도 청주시 상당구 문의면 당진영덕고속도로 123,353948.78621,438269.16086,충북
A0032874,1645,RTX,(주)파리크라상 천등산(평택방향)주유소,충북 충주시 산청면 영덕리 산 2-38,충북 충주시 산척면 평택제천고속도로 109,399039.07859,497154.00664,충북
A0033599,1645,RTX,두성유통(주)문의휴게소(영덕방향),충북 청주시 상당구 문의면 남계리 656,충청북도 청주시 상당구 문의면 당진영덕고속도로 124,354092.76488,438062.34347,충북
A0032875,1645,RTX,(주)파리크라상 천등산(제천방향)주유소,충북 충주시 산척면 영덕리 산 182-46,충북 충주시 산척면 평택제천고속도로 106,394962.92909,495555.94736,충북
A0025443,1647,HDO,수재주유소,충북 충주시 교현동 446,충북 충주시 갱고개로 74 (교현동),394878.79200,486242.03970,충북
A0013008,1648,SOL,충주댐주유소,충북 충주시 목행동 602-5,충북 충주시 충원대로 976 (목행동),392750.51280,490090.02040,충북
A0012855,1649,SKE,연수주유소,충북 충주시 연수동 51-3,충북 충주시 금봉대로 524 (연수동),395404.80000,486668.10000,충북
A0012748,1649,GSC,대동주유소,충북 충주시 단월동 416-2,충북 충주시 충원대로 180,391333.95390,482561.86230,충북
A0015265,1622,SKE,우루사Self주유소,충남 당진시 신평면 운정리 714-1,충남 당진시 신평면 서해로 7522,294295.00000,476159.00000,충남
A0008392,1624,HDO,해바라기당진점,충남 당진시 송악읍 광명리 236-37,충남 당진시 송악읍 서해로 6622,285911.00000,477749.00000,충남
A0015572,1632,RTX,망향주유소 경부고속(부산방향),충남 천안시 성거읍 요방리 123-2,충남 천안시 서북구 성거읍 석문길 98,327151.91109,472792.60819,충남
A0016079,1632,SKE,천안삼거리(서울방향)충전소,충남 천안시 동남구 구성동 153-51,충남 천안시 동남구 쉼1길 40,326351.00000,465597.00000,충남
A0015335,1635,SOL,차사랑 내트럭주유소,충남 당진시 신평면 신흥리 442-25,충남 당진시 신평면 서해로 7279,291844.00000,476129.00000,충남
A0006910,1635,SKE,박카스self주유소,충남 당진시 신평면 부수리 344,충남 당진시 신평면 북부산업로 157,294033.75339,477785.29824,충남
A0000054,1635,RTX,풀무원푸드앤컬처공주상(당진)주유소,충남 공주시 의당면 청룡리 65-16,충남 공주시 의당면 당진영덕고속도로 71,325265.73795,433307.06593,충남
A0000053,1635,RTX,풀무원푸드앤컬처공주하(대전)주유소,충남 공주시 송선동 315-5,충남 공주시 당진영덕고속도로 72-1,325672.60517,433290.63506,충남
A0016526,1635,GSC,행운주유소,충남 당진시 신평면 신당리 259-12,충남 당진시 신평면 서해로 7475,293776.49303,476104.00669,충남
A0014658,1638,SKE,명품셀프주유소,충남 논산시 부창동 143-1,충남 논산시 계백로 896,317474.00000,399954.50000,충남
A0004009,1638,RTX,㈜케이알산업 입장(상)주유소/충전소,충남 천안시 서북구 입장면 가산리 361-7,충남 천안시 서북구 입장면 연곡길 407,328111.00000,482692.00000,충남
A0015156,1638,GSC,행복주유소,충남 당진시 신평면 신흥리 59-9,충남 당진시 신평면 서해로 7410,293086.46470,475980.09750,충남
A0014793,1638,HDO,(주)강변로주유소,충남 논산시 등화동 529-10,충남 논산시 강변로 46 (등화동),316471.00000,398472.00000,충남
A0016224,1639,GSC,(주)대성제2주유소,충남 천안시 동남구 신부동 115-32,충남 천안시 동남구 가마골1길 10 (신부동),325559.11593,469177.88704,충남
A0006842,1639,HDO,대성제5주유소,충남 천안시 동남구 구성동 314-11,충남 천안시 동남구 청수로 135 (구성동),325109.13460,466227.70430,충남
A0015671,1639,HDO,다온주유소,충남 천안시 동남구 청수동  231-11,충남 천안시 동남구 풍세로 930,324265.00285,465864.99545,충남
A0016305,1640,RTO,(유)대성주유소,충남 보령시 죽정동325,충남 보령시 대천로 254 (죽정동),275859.80000,419178.30000,충남
A0015196,1645,HDO,(주)아성통상 당진직영주유소,충남 당진시 정미면 대운산리 691-3,충남 당진시 정미면 서해로 4912,273848.60000,471627.90000,충남
A0014530,1646,SOL,우리둘셀프주유소,충남 논산시 부적면 외성리 344,충남 논산시 부적면 계백로 1645,324339.00000,401621.00000,충남
A0014749,1647,HDO,에코셀프주유소,충남 논산시 연산면 임리 34,충남 논산시 연산면 계백로 1853,326383.40550,401645.29104,충남
A0018988,1595,SOL,고산주유소,전북 고창군 신림면 무림리559,전북 고창군 신림면 고인돌대로 2430,282360.83740,322571.97050,전북
A0019034,1600,NHO,고창농협부안지점,전북 고창군 부안면 중흥리 229-9,전북 고창군 부안면 인촌로 1230,279957.00258,324834.99555,전북
A0019033,1600,NHO,고창농협주유소,전북 고창군 고창읍 읍내리 671-2,전북 고창군 고창읍 고인돌대로 1772,281534.00000,316177.00000,전북
A0019019,1605,SKE,새천년주유소,전북 고창군 신림면 자포리 723-3,전북 고창군 신림면 고인돌대로 2104,282072.04690,319360.82837,전북
A0018848,1613,SKE,상리2주유소,전북 전주시 덕진구 인후동2가 4-173,전북 전주시 덕진구 심방죽로 63 (인후동2가),323545.80000,360505.10000,전북
A0018274,1615,SOL,토다리주유소,전북 익산시 춘포면 춘포리605-1,전북 익산시 춘포면 춘포로 114,308501.80000,368603.00000,전북
A0019080,1618,RTO,삼양주유소,전북 김제시 백구면 영상리 331-1,전북 김제시 백구면 번영로 2876,309867.00000,364502.90000,전북
A0017776,1619,ETC,고덕주유소,전북 전주시 완산구 색장동 196,전북 전주시 완산구 동부대로 46 (색장동),327192.56930,355861.04680,전북
A0022751,1619,HDO,(주)한영 전주지점,전북 전주시 덕진구 반월동 851-4,전북 전주시 덕진구 번영로 480 (반월동),315280.40000,364150.40000,전북
A0018081,1619,ETC,오일스타㈜전주지점,전북 전주시 완산구 색장동 527,전북 전주시 완산구 춘향로 5006,327298.00000,354737.00000,전북
A0018249,1623,RTO,(유)백제주유소,전북 전주시 완산구 효자동3가 1155,전북 전주시 완산구 효자로 67-3 (효자동3가),318222.63609,358019.25946,전북
A0017471,1623,RTO,동군산셀프주유소,전북 군산시 대야면 복교리 463-8,전북 군산시 대야면 만경로 1767,294300.51620,370721.87100,전북
A0022703,1625,HDO,싼셀프주유소,전북 전주시 완산구 색장동 419,전북 전주시 완산구 춘향로 5190,326055.00000,355794.00000,전북
A0022666,1625,RTO,역전셀프주유소,전북 전주시 덕진구 우아동3가 570-1,전북 전주시 덕진구  동부대로 748 (우아동3가),324126.06770,362030.47794,전북
A0017680,1625,NHO,대야농협주유소,전북 군산시 대야면 지경리 726-16,전북 군산시 대야면 번영로 916,293026.53803,372330.42646,전북
A0018177,1625,HDO,색장주유소,전북 전주시 완산구 색장동 859-1,전북 전주시 완산구 춘향로 4860 (색장동),327778.00000,353372.00000,전북
A0022624,1625,RTO,팔복주유소,전북 전주시 덕진구 팔복동1가 140-6,전북 전주시 덕진구 기린대로 714,319290.00000,361988.00000,전북
A0019193,1625,RTO,현대주유소,전북 전주시 완산구 대성동 23-2,전북 전주시 완산구 춘향로 5197 (대성동),326046.30318,355746.82459,전북
A0017955,1625,RTO,행복주유소,전북 전주시 덕진구 우아동3가 258-5,전북 전주시 덕진구 동부대로 641 (우아동3가),324557.20000,361028.80000,전북
A0022674,1625,RTO,용머리주유소,전북 전주시 완산구 서완산동 184 외2필지,전북 전주시 완산구 용머리로 268 (서완산동1가),322349.30000,357063.10000,전북
A0021223,1599,RTO,(유)신도시주유소,전남 나주시 금천면 신가리 493-1,전남 나주시 금천면 빛가람장성로 2045,288563.00250,272458.99564,전남
A0032989,1599,GSC,(주)남현주유소,전남 나주시 금천면 신가리 458-6,전남 나주시 금천면 빛가람장성로 2055,288550.15809,272524.12458,전남
A0021054,1633,HDO,㈜대원 노안제일주유소,전남 나주시 노안면 도산리 69,전남 나주시 노안면 건재로 683,287211.39630,275966.43830,전남
A0021189,1633,SOL,㈜대원 동신주유소,전남 나주시 대호동 867,전남 나주시 건재로 89 (대호동),282974.00000,272336.00000,전남
A0019684,1634,RTX,시카프관광개발(주) 곡성(순천)주유소,전남 곡성군 겸면 가정리 348-13,전남 곡성군 겸면 호남고속도로 49-1,323024.12549,295806.18610,전남
A0020789,1635,RTO,세지예향주유소,전남 나주시 세지면 송제리 790-13,전남 나주시 세지면 예향로 3014,282217.29256,259557.68420,전남
A0021161,1639,HDO,대흥주유소,전남 나주시 세지면 죽동리 204-5,전남 나주시 세지면 예향로 3174,282611.00000,261093.00000,전남
A0020046,1645,RTX,백양사(순천)주유소/충전소,전남 장성군 북일면 박산리 산68-3,전남 장성군 북이면 호남고속도로 107-1,291720.81309,311108.39353,전남
A0033507,1645,RTX,장흥 정남진주유소,전남 장흥군 부산면 호계리 산 211-1,전남 장흥군 부산면 남해고속도로 41,302226.86351,236284.43589,전남
A0019865,1645,RTO,공원주유소,전남 장성군 북이면 사거리 609번지,전남 장성군 북이면 방장로 995,292163.90000,315342.90000,전남
A0020890,1649,GSC,OK주유소,전남 영암군 삼호읍 서창리 435-4,전남 영암군 삼호읍 녹색로 1627,266072.00000,238168.00000,전남
A0020729,1649,GSC,대영주유소,전남 영암군 삼호읍 서창리 146,전남 영암군 삼호읍 녹색로 1776,267432.82320,237554.39070,전남
A0019398,1649,GSC,천운주유소,전남 화순군 화순읍 대리 355,전남 화순군 화순읍 칠충로 7,306529.90000,273222.60000,전남
A0020264,1649,GSC,함평나비주유소,전남 함평군 해보면 해보리 212-27,전남 함평군 해보면 영광로 2538,272212.00000,287468.00000,전남
A0020863,1649,RTO,삼호주유소,전남 영암군 삼호읍 망산리 653-7,전남 영암군 삼호읍 녹색로 1530,265143.00000,238221.00000,전남
A0009925,1649,RTX,함평천지(서울방향)주유소/충전소,전남 함평군 손불면 죽암리 46,전남 함평군 손불면 서해안고속도로 38,261822.42790,282538.38330,전남
A0022233,1649,HDO,주식회사 한영 남부지점,전남 여수시 소라면 대포리 26-2,전남 여수시 소라면 여순로 146,365557.96020,246764.22360,전남
A0021156,1649,GSC,광목주유소,전남 함평군 학교면 사거리 621-31,전남 함평군 학교면 함영로 490,266380.00000,270182.00000,전남
A0021340,1650,RTX,태경산업(주)함평무안주유소,전남 함평군 함평읍 장교리 산112-12,전남 함평군 함평읍 서해안고속도로 31-1,261450.00000,275436.00000,전남
A0021805,1651,SKE,시장주유소,전남 순천시 풍덕동 1268-13,전남 순천시 풍덕8길 19 (풍덕동),354157.65460,260679.05080,전남
A0026980,1590,RTO,신성주유소,경북 경산시 진량읍 선화리 701-1,경북 경산시 진량읍 대학로 951,472476.80000,364291.80000,경북
A0026069,1620,SOL,원남주유소,경북 구미시 원평동 446-3,경북 구미시 원남로 135 (원평동),430333.45084,391823.63078,경북
A0024337,1621,RTO,남경주IC주유소,경북 경주시 외동읍 개곡리 1347-1,경북 경주시 산업로 2536,519540.65218,349381.73711,경북
A0029563,1621,SOL,제이엠 외동self주유소,경북 경주시 외동읍 죽동리 298-7,경북 경주시 외동읍 산업로 2604,519382.00000,350025.00000,경북
A0025378,1622,GSC,제이엠12주유소,경북 김천시 부곡동 919-2,경북 김천시 영남대로 1394,408183.00000,391688.00000,경북
A0009868,1622,SKE,신경주역사주유소(주)지엔에스네트웍스,경북 경주시 광명동 352-1,경북 경주시 대경로 4391,503727.00000,358312.00000,경북
A0024346,1623,GSC,제이엠 제4주유소,경북 경주시 조양동 569-1,경북 경주시 산업로 3277 (조양동),515536.37230,354958.02155,경북
A0024257,1623,HDO,불국에너지(주),경북 경주시 시래동 308-9,경북 경주시 산업로 2987(시래동),517880.00000,353401.00000,경북
A0023976,1623,HDO,서라벌셀프주유소,경북 경주시 동방동 271-1,경북 경주시 산업로 3533,514025.53090,357063.50400,경북
A0023476,1623,HDO,드림1주유소,경북 구미시 고아읍 문성리 778-1,경북 구미시 고아읍 선산대로 261,431771.99015,394812.58320,경북
A0024102,1623,RTO,경주알뜰주유소,경북 경주시 동방동 307-1,경북 경주시 산업로 3585 (동방동),513773.00000,357440.00000,경북
A0026316,1623,SKE,(주)다복에너지,경북 구미시 고아읍 봉한리 708,경상북도 구미시 고아읍 선산대로 503,431841.00000,397107.00000,경북
A0026315,1624,RTO,햇살주유소,경북 구미시 도량동 678-3,경북 구미시 문장로 146 (도량동),429998.84772,394034.60562,경북
A0026884,1625,HDO,기분좋은주유소,경북 경산시 압량면 부적리 531-2,경북 경산시 압량면 대학로 362,468858.00000,360327.00000,경북
A0025498,1625,GSC,(주)진성산업정화주유소,경북 김천시 다수동222-2,경북 김천시 새실길 5 (다수동),407325.00000,391719.00000,경북
A0026752,1625,RTO,(주)미니에너지,경북 경산시 압량면 현흥리 24-8,경북 경산시 압량면 대학로 754,470598.80000,363819.40000,경북
A0026877,1627,NHO,경산농협주유소,경북 경산시 계양동 269-1,경북 경산시 대학로 204 (계양동),467504.00000,359582.00000,경북
A0023387,1627,RTO,별빛주유소,경북 영천시 금노동 399-10,경북 영천시 천문로 165,484148.13830,372979.85450,경북
A0024132,1627,RTO,제이엠11주유소,경북 경주시 강동면 모서리 739-1,경북 경주시 강동면 산업로 5406,512608.00000,373877.00000,경북
A0023548,1628,SKE,㈜진량공단주유소,경북 경산시 진량읍 신상리 1225-5,경북 경산시 진량읍 다문로 61,474052.00000,364264.00000,경북
A0030721,1599,SKE,광신석유(주)직영 김해대로주유소,경남 김해시 삼계동 429-2,경남 김해시 김해대로 1816,478789.69230,296488.36600,경남
A0030779,1599,HDO,(주)가온에너지 힘대로주유소,경남 김해시 구산동 834-1,경남 김해시 김해대로 1924 (구산동),479062.00000,295450.00000,경남
A0028787,1610,SOL,광신직영(두대셀프),경남 창원시 성산구 대원동 73-1,경남 창원시 성산구 창원대로 442(대원동),458900.10029,292670.67251,경남
A0028707,1615,RTO,동부3,경남 창원시 성산구 상남동 38-3,경남 창원시 성산구 마디미로 73 (상남동),462248.00266,291278.99591,경남
A0029821,1620,SKE,차탄셀프주유소,경남 산청군 산청읍 차탄리 703-4,경남 산청군 산청읍 산청대로 2083,388666.48900,314768.50390,경남
A0030659,1620,HDO,김해제일주유소,경남 김해시 삼정동 19-9,경남 김해시  분성로 440 (삼정동),481571.96507,293216.42905,경남
A0030709,1620,NHO,영남원예농협 미소지점주유소,경남 김해시 삼정동44-9 외 1필지,경상남도 김해시  분성로 465 (활천동),481828.14436,293291.65786,경남
A0031184,1620,GSC,롯데주유소,경상남도 김해시 동상동 1103-20,경남 김해시 가야로 469,480872.56628,293762.55127,경남
A0032999,1623,HDO,산단주유소,경남 함안군 군북면 월촌리 2000-1,경남 함안군 군북면 함안산단로 69,428681.80055,299093.55352,경남
A0030649,1625,SOL,CJ대한통운(주)스타P-OIL,경남 김해시 대성동 481-1,경남 김해시 가야로 409,480458.76587,294217.22143,경남
A0023339,1625,SOL,도항주유소,경남 함안군 가야읍 도항리 294-1,경남 함안군 가야읍 함마대로 1530,436723.01668,297638.70743,경남
A0029698,1625,RTO,석풍주유소,경남 산청군 신안면 외송리 782-2,경남 산청군 신안면 산청대로 1169,392803.87070,307101.15810,경남
A0030711,1626,NHO,장유농협주유소,경남 김해시 신문동 223-1,경남 김해시 장유로 415 (신문동),474965.85124,288282.56875,경남
A0028266,1626,RTO,함마대로주유소,경남 함안군 산인면 모곡리 997-2,경남 함안군 산인면 함마대로 2035,441088.08484,297236.67398,경남
A0030557,1626,RTO,퍼시픽에너지(주)서부주유소,경남 김해시 흥동 419-11,경남 김해시 전하로 171 (흥동),479127.00000,291725.00000,경남
A0029367,1627,RTX,시카프관광개발(주) 함양(하남)주유소/충전소,경남 함양군 지곡면 보산리 278-6,경남 함양군 지곡면 효산길 23-11,378408.36159,328092.46326,경남
A0029368,1627,RTX,시카프관광개발(주) 함양(통영)주유소,경남 함양군 지곡면 보산리 285-5,경남 함양군 지곡면 효산길 23-31,378382.59761,327921.84633,경남
A0028667,1627,RTO,대림주유소,경남 창원시 의창구 팔용동 198-11,경남 창원시 의창구 팔용로 501 (팔용동),456363.52297,295864.46949,경남
A0028283,1628,SOL,비에스에너지㈜메가함안주유소,경남 함안군 산인면 신산리 167-2,경남 함안군 산인면 함마대로 2367,444046.51424,296381.60084,경남
A0028036,1628,SOL,시원석유(주)인제로주유소,경남 김해시 어방동 361-2,경남 김해시 인제로 132 (어방동),482508.00000,293872.00000,경남
A0031410,1585,SOL,㈜영원석유 하늘주유소,부산 해운대구 송정동 105-8,부산 해운대구 해운대로 1184,509883.66780,288630.95740,부산
A0031376,1585,GSC,삼양주유소,부산 해운대구 송정동 80-4,부산 해운대구 해운대로 1249 (송정동),509972.70000,289287.40000,부산
A0027753,1585,HDO,㈜영원석유 영원주유소,부산 해운대구 송정동 105-6,부산 해운대구 해운대로 1178,509871.00000,288560.00000,부산
A0031310,1585,SOL,(주)세일 송정역주유소,부산 해운대구 송정동 109-3,부산 해운대구 해운대로 1217,509917.84370,288957.36502,부산
A0031255,1585,HDO,오시리아주유소,부산 해운대구 송정동 86-7,부산 해운대구 해운대로 1226 (송정동),509972.54680,289020.34740,부산
A0028610,1585,GSC,기장대로 셀프주유소 와이케이에너지㈜,부산 기장군 기장읍 청강리 539,부산 기장군 기장읍 기장대로 343,510724.00000,292598.00000,부산
A0027711,1589,HDO,에스알디㈜더리치주유소,부산 사상구 엄궁동 392,부산 사상구 낙동대로 753 (엄궁동),488581.00000,281538.00000,부산
A0033095,1613,HDO,광동페트로㈜ 감사드림주유소,부산 연제구 거제동 721-1,부산 연제구 거제대로 98,497509.89446,287004.81993,부산
A0027928,1613,GSC,아시아드주유소,부산 연제구 거제동 740-81,부산 연제구  거제대로 130 (거제동),497605.43344,287314.83640,부산
A0027766,1613,SOL,남부산고속주유소,부산 부산진구 양정동 281,부산 부산진구 거제대로 84 (양정동),497477.90000,286876.50000,부산
A0031278,1616,RTO,한양 브라보주유소,부산 해운대구 송정동 82-5,부산 해운대구 해운대로 1238 (송정동),510009.40000,289141.30000,부산
A0031404,1619,HDO,내리주유소,부산 기장군 기장읍 내리 307-8,부산 기장군 기장읍 기장대로 84,510071.53220,290241.95780,부산
A0027592,1619,HDO,(주)호림에너지 호림주유소,부산 사상구 엄궁동 141-20,부산 사상구 낙동대로 669 (엄궁동),488055.70000,280849.80000,부산
A0027373,1623,RTO,(주)주공에너지,부산 부산진구 개금동 59-3,부산 부산진구 백양대로 231,493612.00000,284737.00000,부산
A0027320,1623,RTO,대양주유소,부산 부산진구 부암동 669-3,부산 부산진구 새싹로 61-1 (부암동),496251.00000,285398.00000,부산
A0031751,1625,HDO,세방주유소,부산 기장군 일광면 원리 81-7,부산 기장군 일광면 기장대로 1195,512728.00000,300840.00000,부산
A0010753,1625,RTO,월드컵주유소,부산 기장군 일광면 원리 100-2,부산 기장군 일광면 기장대로 1230,512887.00272,301129.99599,부산
A0006300,1627,RTO,스마일주유소,부산 부산진구 당감동 350-7,부산 부산진구 동평로 49,494458.00000,285627.00000,부산
A0027522,1628,SKE,㈜덕양에너지직영 굿모닝주유소,부산 사상구 학장동 174,부산 사상구 학감대로 70 (학장동),490654.00000,282721.00000,부산
A0027674,1628,SKE,(주)덕양에너지 직영 구덕산주유소,부산 사상구 학장동 194-5,부산 사상구 학감대로 98 (학장동),490423.00000,282857.00000,부산
A0031045,1609,SKE,삼화석유(주) 법환Self주유소,제주특별자치도 서귀포시 법환동 726,제주특별자치도 서귀포시 일주동로 9173,261594.00000,73473.00000,제주
A0031029,1619,GSC,하원주유소,제주 서귀포시 하원동 1338-1,제주 서귀포시 일주서로 479 (하원동),256485.00000,74179.00000,제주
A0030863,1619,RTO,초원주유소,제주특별자치도 서귀포시 강정동 252-1,제주특별자치도 서귀포시 일주서로 27 (강정동),260887.72080,73687.92181,제주
A0030855,1660,SOL,염돈주유소,제주특별자치도 서귀포시 강정동 2090-3,제주특별자치도 서귀포시 일주서로 136 (강정동),259783.19830,73756.14827,제주
A0031126,1660,GSC,도순주유소,제주특별자치도 서귀포시 도순동 758-3,제주특별자치도 서귀포시 일주서로 366 (도순동),257586.52229,74113.47480,제주
A0033618,1660,GSC,가까운주유소,제주특별자치도 서귀포시 상예동 260-4,제주특별자치도 서귀포시 일주서로 1080(상예동),250929.86252,75303.25184,제주
A0030997,1660,SKE,희망셀프주유소,제주 서귀포시 호근동 816-2,제주 서귀포시 중산간동로 8231 (호근동),263831.00000,74954.00000,제주
A0031088,1660,RTO,토평주유소,제주특별자치도 서귀포시 토평동 2272-4,제주특별자치도 서귀포시 중산간동로 7801,268150.98540,75503.30079,제주
A0031033,1660,HDO,자유에너지 가든주유소,제주특별자치도 서귀포시 호근동 2011,제주특별자치도 서귀포시 중산간동로 8338 (호근동),262863.00000,74958.00000,제주
A0031141,1660,SKE,삼화석유(주)에이스주유소,제주 서귀포시 토평동 830,제주 서귀포시 일주동로 8513 (토평동),267762.66260,74165.20083,제주
A0030981,1660,SKE,강정천주유소,제주 서귀포시 강정동 2867-10,제주 서귀포시 이어도로 634 (강정동),258888.00000,71961.00000,제주
A0031070,1679,SOL,탐라주유소,제주특별자치도 서귀포시 토평동 1002-1,제주특별자치도 서귀포시 516로 86,268110.80188,74865.61714,제주
A0030965,1688,GSC,예래주유소,제주특별자치도 서귀포시 상예동 1724-1,제주특별자치도 서귀포시 일주서로 1156-2 (상예동),250194.41810,75513.62840,제주
A0030856,1690,SKE,한진주유소,제주특별자치도 서귀포시 서홍동 249,제주특별자치도 서귀포시 중산간동로 8028 (서홍동),265934.27550,75240.88427,제주
A0030950,1690,SOL,신세기주유소,제주 서귀포시 색달동 2158,제주 서귀포시 일주서로 976,251702.68010,74772.56389,제주
A0031139,1690,SKE,수도석유(주)한신주유소,제주 서귀포시 색달동 2522-1,제주 서귀포시 천제연로 77,252412.74240,74478.28518,제주
A0031113,1690,NHO,서귀포농협주유소,제주 서귀포시 토평동 963-3,제주 서귀포시 516로 38 (토평동),267822.70000,74476.40000,제주
A0031116,1690,NHO,중문농협주유소,제주특별자치도 서귀포시 색달동 2347,제주특별자치도 서귀포시 일주서로 872 (색달동),252732.50000,74844.50000,제주
A0031112,1690,SKE,스카이주유소,제주특별자치도 서귀포시 동홍동 765-2,제주특별자치도 서귀포시 중산간동로 7859 (동홍동),267595.70270,75403.00219,제주
A0030989,1690,GSC,환영주유소,제주 서귀포시 동홍동 766-7,제주 서귀포시 중산간동로 7862 (동홍동),267580.72000,75443.26078,제주
A0026658,1622,SOL,주식회사 구름주유소,대구 달성군 가창면 삼산리  269-2,대구 달성군 가창면 가창로 169,460437.00000,348274.00000,대구
A0022810,1624,RTO,(주)미니에너지 직영주유소,대구 동구 용계동 447-6,대구 동구 화랑로 484 (용계동),461315.50000,364103.60000,대구
A0023330,1624,RTO,영신제2주유소,대구 서구 평리6동 617-22,대구 서구 서대구로 207 (평리동),450269.00000,364206.00000,대구
A0023270,1625,RTO,아름다운주유소,대구 서구 비산동 302-5,대구 서구 달서로 67 (비산동),451744.80000,363303.70000,대구
A0033247,1625,RTO,미니주유소,대구 북구 침산동 25-10,대구 북구 침산남로 224 (침산동),454359.45430,365311.65891,대구
A0023577,1625,RTO,무지개주유소,대구 북구 산격동 755-8,대구 북구 연암로 198 (산격동),454037.45050,367091.69250,대구
A0023678,1627,RTO,동로주유소,대구 북구 대현동 437-4,대구 북구 신천동로 714  (대현동),454631.29997,364981.38387,대구
A0023133,1629,SKE,삼원주유소,대구 동구 지저동 667-4,대구 동구 공항로 241,457977.65950,366528.10649,대구
A0023581,1629,RTO,칠곡제일주유소,대구 북구 국우동 756-1,대구 북구 구리로 161 (국우동),451856.10000,372077.10000,대구
A0026647,1629,SKE,늘푸른주유소,대구 달성군 옥포면 본리리 2214-1,대구 달성군 옥포면 비슬로 2165,441624.77330,354327.27281,대구
A0023333,1629,SOL,(주)에스엔에스주유소,대구 서구 내당동 63-4,대구 서구 달구벌대로 1833 (내당동),451243.00000,362460.00000,대구
A0023681,1629,SKE,서대구IC주유소,대구 서구 이현동 42-420,대구 서구 북비산로 48,448783.10000,364348.40000,대구
A0023551,1629,HDO,평리주유소,대구 서구 평리6동 530-9,대구 서구 서대구로 227 (평리동),450270.00000,364412.00000,대구
A0023480,1629,GSC,광명주유소,대구 서구 평리동 617-18,대구광역시 서구  서대구로 201 (평리동),450261.05679,364155.47718,대구
A0026657,1629,RTO,(주)한국에너지,대구 남구 대명동 3048-39,대구 남구 두류공원로 103,451496.00000,360780.00000,대구
A0026705,1629,NHO,옥포농협클린주유소,대구 달성군 옥포면 기세리 281,대구 달성군 옥포면 비슬로 2259,442535.14199,354512.87991,대구
A0023364,1629,HDO,조광주유소,대구 서구 이현동 42-331,대구 서구 북비산로 36(이현동),448680.84715,364384.59042,대구
A0026635,1629,NHO,논공농협주유소,대구 달성군 논공읍 삼리 564-5,대구 달성군 논공읍 비슬로314길 57,436881.54541,351789.07314,대구
A0023693,1629,HDO,팔달41주유소,대구 북구 노원3가 600,대구 북구 팔달로 41 (노원동3가),450281.19890,365827.57190,대구
A0023043,1629,SOL,팔공산IC제2주유소,대구 동구 지저동 684-7,대구 동구 공항로 254 (지저동),457980.10000,366422.80000,대구
A0010125,1617,HDO,백운하이웨이주유소,인천 부평구 산곡동 369-146,인천 부평구 마장로 173,285550.56764,544253.91069,인천
A0007614,1627,SOL,팔도셀프주유소,인천 부평구 산곡동 362-20,인천 부평구 마장로 199 (산곡동),285473.00000,544500.00000,인천
A0006167,1638,HDO,하이웨이주유소,인천 남동구 수산동 206-5,인천 남동구 호구포로 622 (수산동),286769.37640,538077.85320,인천
A0007228,1638,GSC,(주)다솜에너지 다솜주유소,인천 미추홀구 주안동 810-5,인천 미추홀구 한나루로 482 (주안동),282300.40000,539482.30000,인천
A0006156,1638,RTO,명보주유소,인천 미추홀구 주안동 1418-104,인천 미추홀구 인하로 217 (주안동),282742.89340,539339.00340,인천
A0006285,1638,SKE,SK KH에너지 수림공원주유소,인천 남동구 간석동 526-1,인천 남동구 주안로 270 (간석동),285186.04746,540878.66362,인천
A0008241,1638,GSC,보문주유소,인천 남동구 간석동 542-1,인천 남동구 경인로 558 (간석동),285249.90000,540845.30000,인천
A0008261,1638,SKE,SK KH에너지 청도1주유소,인천 미추홀구 주안동 251-6,인천 미추홀구 경원대로 813-9 (주안동),284219.33672,540040.13357,인천
A0001338,1638,SKE,황금주유소,인천 미추홀구 학익동 663-4,인천 미추홀구 소성로 253 (학익동),283019.31030,538191.27940,인천
A0001442,1638,HDO,정해(주) 인천주유소,인천 미추홀구 주안동 800-14,인천 미추홀구 인주대로 286 (주안동),282354.00000,539700.00000,인천
A0006266,1638,SKE,SK KH에너지 문광주유소,인천 남동구 간석동 237-2,인천 남동구 백범로 423 (간석동),285563.40000,541377.40000,인천
A0006234,1644,HDO,연수하이웨이주유소,인천 연수구 선학동 21-14,인천 연수구 매소홀로 710 (선학동),285277.60000,538184.10000,인천
A0001331,1645,HDO,제물포하이웨이주유소,인천 미추홀구 도화동 625-2,인천 미추홀구 경인로 194,282016.55620,541165.22700,인천
A0007640,1645,SKE,SK큰나무셀프주우소,인천 미추홀구 문학동 366-1,인천 미추홀구 매소홀로 536,283508.00291,538185.99532,인천
A0001425,1645,RTO,탑self주유소,인천 미추홀구 도화동 7-12,인천 미추홀구 송림로 217 (도화동),281412.60526,542326.24860,인천
A0007965,1645,HDO,신인천주유소,인천 서구 공촌동 300-9,인천 서구 경명대로 669 (공촌동),283828.66652,550826.31300,인천
A0001531,1645,RTO,대박주유소,인천 동구 송림동 8-547,인천 동구 송미로 50 (송림동),280902.76808,543153.80096,인천
A0006110,1646,SKE,은혜셀프주유소,인천 서구 가좌동 476,인천 서구 백범로630번길 44 (가좌동),284039.00000,542984.00000,인천
A0001748,1647,GSC,수림주유소,인천 남동구 만수동 2-43,인천 남동구 수현로 117 (만수동),288670.00000,540864.00000,인천
A0001551,1647,HDO,경인터미널주유소 ㈜북서울에너지,인천 미추홀구 도화동 957-1,인천 미추홀구 봉수대로 54,281447.00000,542964.00000,인천
A0019482,1599,RTO,오일필드(주)광산지점,광주 광산구 송촌동 68,광주 광산구 동곡로 664 (송촌동),288737.00000,283123.00000,광주
A0020705,1609,RTO,(주)평동제일주유소,광주 광산구 장록동 527-4,광주 광산구 동곡로 552 (장록동),288668.86890,282013.45890,광주
A0020387,1625,GSC,한성골드주유소,광주 광산구 월전동 274-1,광주 광산구 동곡로 407 (월전동),289018.00000,280713.00000,광주
A0020298,1627,GSC,낙원주유소,광주 광산구 복룡동 385,광주 광산구 동곡로 259 (복룡동),288804.62350,279247.41250,광주
A0020134,1639,SKE,(주)엠앤지 첨단북광주IC주유소,광주광역시 북구 월출동 742-2,광주광역시 북구 삼소로 318 (월출동),297228.80000,294070.70000,광주
A0020100,1639,SKE,OK클린주유소,광주 광산구 우산동 1031-21,광주 광산구 사암로 136 (우산동),291576.83590,284884.36650,광주
A0020473,1639,HDO,오일필드(주)광주지점,광주 광산구 우산동 1478,광주 광산구 사암로 127 (우산동),291514.38018,284775.33582,광주
A0020463,1645,SKE,(주)스마일셀프주유소,광주 광산구 산막동 456-2,광주 광산구 고봉로 541 (산막동),287384.05039,290091.74941,광주
A0020072,1645,HDO,차나라주유소,광주 북구 두암동 840-5,광주 북구 동문대로 138,302479.57729,286765.71997,광주
A0020586,1645,HDO,반디석유시청점,광주 서구 치평동 887-1,광주 서구 천변좌하로 160 (치평동),294158.00000,284470.00000,광주
A0020677,1645,SKE,김여사네셀프주유소,광주 광산구 신촌동 682-15,광주 광산구 상무대로 435-2  (신촌동),292086.76532,283456.41907,광주
A0020372,1645,SOL,(주)대원 강변주유소,광주 서구 치평동 887-6,광주 서구 천변좌하로 142 (치평동),294061.00000,284316.00000,광주
A0020633,1646,SKE,태평양주유소,광주 광산구 황룡동 397-2,광주 광산구 송도로 92 (황룡동),289685.30000,281405.20000,광주
A0020479,1646,NHO,임곡농협주유소,광주 광산구 산막동 469-2,광주 광산구 고봉로 565 (산막동),287186.47417,290192.78245,광주
A0020238,1647,HDO,㈜더착한주유소,광주 광산구 본덕동 549-1,광주 광산구 동곡로 72 (본덕동),288320.00000,277487.00000,광주
A0033156,1647,SKE,(주)버들주유소,광주광역시 광산구 월전동 2-75,광주광역시 광산구 동곡로 510(월전동),288646.95553,281576.42160,광주
A0033583,1649,SKE,행복가득주유소,광주 북구 용전동 1157-2,광주 북구 우치로 952(용전동),298762.80720,294543.40214,광주
A0029884,1649,SOL,국가대표주유소,광주 광산구 오운동 512-3,광주 광산구 영광로 3497,280789.00000,285373.00000,광주
A0020424,1649,HDO,어등산주유소,광주 광산구 소촌동 756-1,광주 광산구 무진대로 68,289825.00000,285230.00000,광주
A0020524,1649,SKE,동곡농협주유소,광주 광산구 복룡동 89-5,광주 광산구 동곡로 383,288983.00000,280452.00000,광주
A0016755,1643,ETC,일등주유소,대전 대덕구 평촌동 226-7,대전 대덕구 신탄진로 636 (평촌동),348685.41119,426179.91467,대전
A0016735,1643,HDO,㈜에스에이치에너지 영풍주유소,대전 대덕구 상서동 285,대전 대덕구 신탄진로 584 (상서동),348424.84455,425700.84195,대전
A0016818,1643,HDO,대림석유(주) 신탄진주유소,대전 대덕구 덕암동 49-8,대전 대덕구 신탄진로681번길 22,348623.36730,426650.04040,대전
A0013779,1649,RTO,신탄진알뜰주유소,대전 대덕구 신탄진동 114-21,대전 대덕구 대덕대로1527번길 374,348960.02382,428214.45746,대전
A0017428,1653,SKE,덕암셀프주유소,대전 대덕구 덕암동 54-5,대전 대덕구 덕암로 219 (덕암동),348508.24155,426739.27262,대전
A0016820,1653,HDO,대덕주유소,대전 대덕구 상서동 442-2,대전 대덕구 신탄진로 470,348180.69900,424670.99680,대전
A0013988,1653,HDO,OK주유소,대전 대덕구 읍내동 454-7,대전 대덕구 대전로 1312 (읍내동),348214.44290,419064.78600,대전
A0016604,1655,SOL,도마진실주유소,대전 서구 도마동 65-5,대전 서구 도산로 123,344291.00000,413402.00000,대전
A0016783,1655,RTX,신탄진(상)주유소/충전소,대전 대덕구 상서동 236-1,대전 대덕구 산업단지로 27,348014.98361,425624.21747,대전
A0013856,1659,SOL,우리셋주유소,대전 중구 안영동 366-2,대전 중구 대둔산로 150,344198.00000,409509.00000,대전
A0013945,1659,NHO,(주)농협대전유통 하나로주유소,대전 중구 안영동 703,대전 중구 대둔산로199번길 43,344266.78643,410074.23845,대전
A0013917,1659,GSC,안영IC주유소,대전 중구 안영동 692-3,대전 중구 대둔산로 188 (안영동),344408.41417,409798.41536,대전
A0013952,1659,SKE,와동셀프주유소,대전 대덕구 와동 173-1,대전 대덕구 신탄진로 386 (와동),348564.60000,423888.10000,대전
A0016453,1659,GSC,금강주유소,대전 대덕구 상서동 343-2,대전 대덕구 신탄진로 536,348263.94080,425262.22970,대전
A0013949,1659,HDO,아원주유소,대전 동구 성남동 47-13,대전 동구 계족로 326,349553.81490,415796.25000,대전
A0016588,1659,SKE,신탄진IC주유소,대전 대덕구 평촌동 542-43,대전 대덕구 신탄진로 665,348719.27770,426446.06330,대전
A0013983,1660,HDO,재하주유소,대전 동구 성남동 502-7,대전 동구 동서대로 1664 (성남동),349450.87640,416530.33730,대전
A0016445,1662,SOL,남선석유㈜ 계백셀프주유소,대전 서구 정림동 1-1,대전 서구 계백로 1327,343584.45530,412313.45930,대전
A0016761,1663,GSC,대림주유소,대전 서구 정림동 13-5,대전 서구 계백로 1290 (정림동),343276.41185,412109.82035,대전
A0016859,1663,HDO,굿모닝주유소,대전 서구 도마동 189-5,대전 서구  계백로 1376 (도마동),344072.70183,412402.07336,대전
A0028984,1575,HDO,케이티엑스(주)명성셀프주유소,울산 울주군 웅촌면 대대리145-9,울산 울주군 웅촌면 웅촌로 217,509377.00000,317640.00000,울산
A0029012,1585,SOL,웅촌구도일주유소,울산 울주군 웅촌면 곡천리 1-19,울산 울주군 웅촌면 웅촌로 504,510860.00000,319956.00000,울산
A0028933,1585,SOL,(주)좋은기름나라 웅촌지점,울산 울주군 웅촌면 대복리 8-2,울산 울주군 웅촌면 웅촌로 724,511337.39800,321591.42340,울산
A0028919,1585,GSC,율선주유소,울산 울주군 청량면 율리 767-2,울산 울주군 청량면 웅촌로 1035,512350.00276,324199.99595,울산
A0029049,1585,GSC,태이주유소,울산 울주군 웅촌면 대대리 1084-18,울산 울주군 웅촌면 웅촌로 81,508632.00274,316539.99596,울산
A0031209,1585,SOL,웅촌구도일제2주유소,울산 울주군 웅촌면 대대리 1515-1,울산 울주군 웅촌면 웅촌로 29,508350.06394,316078.88826,울산
A0028937,1585,SOL,율리셀프주유소,울산 울주군 청량면 율리 772-3,울산 울주군 청량면 웅촌로 1044,512416.00000,324305.00000,울산
A0029110,1589,SKE,광신석유(주)직영 웅촌대로주유소,울산 울주군 웅촌면 대복리 451-1,울산 울주군 웅촌면 웅촌로 676,510819.61020,321470.96610,울산
A0028957,1595,HDO,천년에너지 광명주유소,울산 울주군 웅촌면 대복리 635-2,울산 울주군 웅촌면 웅촌로 567,510898.49800,320596.65600,울산
A0031218,1599,HDO,㈜아성통상 아성울산2직영주유소,울산 중구 복산동 264-2,울산 중구 북부순환도로 649,520672.00000,330496.00000,울산
A0029025,1600,RTO,(주)흥연주유소,울산 울주군 웅촌면 곡천리 252-1,울산 울주군 웅촌면 웅촌로 377,509953.00000,319061.00000,울산
A0031639,1609,GSC,대영주유소,울산 중구 약사동 820-1,울산 중구 북부순환도로 730,521239.00000,331042.00000,울산
A0028915,1609,RTO,우정주유소,울산 중구 성남동 311-1,울산 중구 중앙길 14 (성남동),519432.00000,329012.80000,울산
A0028831,1609,HDO,뉴타운주유소,울산 북구 신천동 385,울산 북구 산업로 1432 (신천동),522056.90000,337972.50000,울산
A0031593,1609,HDO,연암주유소,울산 북구 연암동 1263-32,울산 북구 북부순환도로 1159,523176.00000,332118.00000,울산
A0031510,1609,GSC,차세대주유소(주),울산 중구 반구동 262-32,울산 중구 구교로 170 (반구동),521738.00000,329737.60000,울산
A0015452,1609,SKE,우리들주유소,울산 중구 남외동 18-10,울산 중구 북부순환도로 784 (남외동),521619.94150,331406.26460,울산
A0029118,1609,SOL,(주)인연주유소,울산 북구 화봉동 982-8,울산 북구 안기번득길 23 (화봉동),523324.24080,332718.01730,울산
A0031667,1609,SOL,(주)화주유소,울산 중구 태화동 122-2,울산 중구 태화로 248,518285.90000,328925.00000,울산
A0033252,1614,NHO,농소농협알뜰주유소,울산 북구 신천동 234-57,울산 북구 매곡로 11,522421.80429,338092.11980,울산
A0014389,1649,SKE,행복주유소,세종시 부강면 등곡리 493,세종시 부강면 시목부강로 423,345147.46678,433879.18432,세종
A0015022,1654,ETC,굿모닝주유소,세종특별자치시 조치원읍 신안리 207-6,세종특별자치시 조치원읍 세종로 2712,336663.40000,447677.60000,세종
A0014400,1654,RTO,신안주유소,세종특별자치시 조치원읍 신안리 134-5,세종특별자치시 조치원읍 세종로 2678,336732.10000,447361.50000,세종
A0014276,1655,GSC,흥진셀프주유소,세종시 조치원읍 신안리 35-26,세종시 조치원읍 세종로 2563,336909.00000,446190.00000,세종
A0033513,1655,NHO,세종중앙농협주유소,세종특별자치시 연기면 연기리 455,세종특별자치시 연기면 잣띠길 4,335650.97963,438870.55017,세종
A0014203,1655,GSC,석곡주유소,세종 전동면 석곡리 27-2,세종 전동면 하석곡길 64-10,333972.54330,450614.15460,세종
A0014189,1655,RTO,충청에너지주유소,세종특별자치시 전의면 유천리 547-1,세종특별자치시 전의면 세종로 3894,327482.36290,453449.79090,세종
A0014238,1655,SKE,신원self주유소,세종특별자치시 조치원읍 신안리 88-1,세종특별자치시 조치원읍 세종로 2562,336960.13490,446218.15820,세종
A0015490,1655,SOL,베스트주유소,세종 조치원읍 신안리 210,세종 조치원읍 세종로 2749,336518.60000,448008.50000,세종
A0016460,1655,SKE,봉암주유소,세종시 연서면 봉암리 620-93,세종시 연서면 세종로 1899,335870.00000,440054.00000,세종
A0014198,1655,HDO,그린주유소,세종 조치원읍 신안리 207-10,세종 조치원읍 세종로 2706,336679.77830,447622.58120,세종
A0014464,1663,HDO,HD현대오일뱅크㈜직영 대일주유소,세종특별자치시 연서면 월하리 649-8,세종특별자치시 연서면 세종로 2137,336848.00000,442104.00000,세종
A0013941,1665,SOL,홍대셀프주유소,세종특별자치시 조치원읍 신안리 78-2,세종특별자치시 조치원읍 세종로 2654,336760.71853,447103.16147,세종
A0032970,1665,SKE,고운self주유소,세종특별자치시  고운동 1404,세종특별자치시 마음안로 136  (고운동),331531.07989,435092.40031,세종
A0033370,1665,SOL,씨앤에스유통(주)세종셀프주유소,세종시 다정동 925,세종시 다정북로 221(다정동),333492.39063,432932.30399,세종
A0033332,1665,RTO,아성알뜰주유소,세종특별자치시 다정동 399,세종특별자치시 다정북로 40,331676.30143,433241.21627,세종
A0014391,1665,SKE,새롬주유소,세종시 새롬동341-13,세종시 어울로 77 (새롬동),333350.45497,431514.35576,세종
A0033031,1665,RTO,대영에너지㈜세종지점 다온알뜰주유소,세종특별자치시 아름동 816,세종특별자치시 세종로 1328 (아름동),332534.88377,435810.66347,세종
A0014303,1673,GSC,명성self주유소,세종 조치원읍 번암리 133,세종 조치원읍 세종로 2210,336925.00000,442853.00000,세종
A0013671,1674,HDO,진영주유소,세종 소정면 대곡리 371-4,세종 소정면 세종로 4732,325908.36460,459215.30320,세종
